GEO.id,GEO.id2,GEO.display-label,HD01_VD01,HD02_VD01,HD01_VD04,HD02_VD04,HD01_VD05,HD02_VD05,HD01_VD06,HD02_VD06,HD01_VD08,HD02_VD08,HD01_VD09,HD02_VD09,HD01_VD10,HD02_VD10,HD01_VD11,HD02_VD11,HD01_VD12,HD02_VD12,HD01_VD13,HD02_VD13,HD01_VD14,HD02_VD14,HD01_VD15,HD02_VD15,HD01_VD16,HD02_VD16,HD01_VD17,HD02_VD17,HD01_VD18,HD02_VD18,HD01_VD19,HD02_VD19,HD01_VD20,HD02_VD20,HD01_VD21,HD02_VD21,HD01_VD22,HD02_VD22,HD01_VD23,HD02_VD23,HD01_VD24,HD02_VD24,HD01_VD25,HD02_VD25,HD01_VD27,HD02_VD27,HD01_VD28,HD02_VD28,HD01_VD29,HD02_VD29,HD01_VD30,HD02_VD30,HD01_VD31,HD02_VD31,HD01_VD32,HD02_VD32,HD01_VD33,HD02_VD33,HD01_VD34,HD02_VD34,HD01_VD35,HD02_VD35,HD01_VD36,HD02_VD36,HD01_VD37,HD02_VD37,HD01_VD38,HD02_VD38,HD01_VD39,HD02_VD39,HD01_VD40,HD02_VD40,HD01_VD41,HD02_VD41,HD01_VD42,HD02_VD42,HD01_VD43,HD02_VD43
Id,Id2,Geography,Estimate; Total:,Margin of Error; Total:,Estimate; Total: - Veteran,Margin of Error; Total: - Veteran,Estimate; Total: - Nonveteran,Margin of Error; Total: - Nonveteran,Estimate; Total: - Male:,Margin of Error; Total: - Male:,Estimate; Total: - Male: - Veteran,Margin of Error; Total: - Male: - Veteran,Estimate; Total: - Male: - Nonveteran,Margin of Error; Total: - Male: - Nonveteran,Estimate; Total: - Male: - 18 to 34 years:,Margin of Error; Total: - Male: - 18 to 34 years:,Estimate; Total: - Male: - 18 to 34 years: - Veteran,Margin of Error; Total: - Male: - 18 to 34 years: - Veteran,Estimate; Total: - Male: - 18 to 34 years: - Nonveteran,Margin of Error; Total: - Male: - 18 to 34 years: - Nonveteran,Estimate; Total: - Male: - 35 to 54 years:,Margin of Error; Total: - Male: - 35 to 54 years:,Estimate; Total: - Male: - 35 to 54 years: - Veteran,Margin of Error; Total: - Male: - 35 to 54 years: - Veteran,Estimate; Total: - Male: - 35 to 54 years: - Nonveteran,Margin of Error; Total: - Male: - 35 to 54 years: - Nonveteran,Estimate; Total: - Male: - 55 to 64 years:,Margin of Error; Total: - Male: - 55 to 64 years:,Estimate; Total: - Male: - 55 to 64 years: - Veteran,Margin of Error; Total: - Male: - 55 to 64 years: - Veteran,Estimate; Total: - Male: - 55 to 64 years: - Nonveteran,Margin of Error; Total: - Male: - 55 to 64 years: - Nonveteran,Estimate; Total: - Male: - 65 to 74 years:,Margin of Error; Total: - Male: - 65 to 74 years:,Estimate; Total: - Male: - 65 to 74 years: - Veteran,Margin of Error; Total: - Male: - 65 to 74 years: - Veteran,Estimate; Total: - Male: - 65 to 74 years: - Nonveteran,Margin of Error; Total: - Male: - 65 to 74 years: - Nonveteran,Estimate; Total: - Male: - 75 years and over:,Margin of Error; Total: - Male: - 75 years and over:,Estimate; Total: - Male: - 75 years and over: - Veteran,Margin of Error; Total: - Male: - 75 years and over: - Veteran,Estimate; Total: - Male: - 75 years and over: - Nonveteran,Margin of Error; Total: - Male: - 75 years and over: - Nonveteran,Estimate; Total: - Female:,Margin of Error; Total: - Female:,Estimate; Total: - Female: - Veteran,Margin of Error; Total: - Female: - Veteran,Estimate; Total: - Female: - Nonveteran,Margin of Error; Total: - Female: - Nonveteran,Estimate; Total: - Female: - 18 to 34 years:,Margin of Error; Total: - Female: - 18 to 34 years:,Estimate; Total: - Female: - 18 to 34 years: - Veteran,Margin of Error; Total: - Female: - 18 to 34 years: - Veteran,Estimate; Total: - Female: - 18 to 34 years: - Nonveteran,Margin of Error; Total: - Female: - 18 to 34 years: - Nonveteran,Estimate; Total: - Female: - 35 to 54 years:,Margin of Error; Total: - Female: - 35 to 54 years:,Estimate; Total: - Female: - 35 to 54 years: - Veteran,Margin of Error; Total: - Female: - 35 to 54 years: - Veteran,Estimate; Total: - Female: - 35 to 54 years: - Nonveteran,Margin of Error; Total: - Female: - 35 to 54 years: - Nonveteran,Estimate; Total: - Female: - 55 to 64 years:,Margin of Error; Total: - Female: - 55 to 64 years:,Estimate; Total: - Female: - 55 to 64 years: - Veteran,Margin of Error; Total: - Female: - 55 to 64 years: - Veteran,Estimate; Total: - Female: - 55 to 64 years: - Nonveteran,Margin of Error; Total: - Female: - 55 to 64 years: - Nonveteran,Estimate; Total: - Female: - 65 to 74 years:,Margin of Error; Total: - Female: - 65 to 74 years:,Estimate; Total: - Female: - 65 to 74 years: - Veteran,Margin of Error; Total: - Female: - 65 to 74 years: - Veteran,Estimate; Total: - Female: - 65 to 74 years: - Nonveteran,Margin of Error; Total: - Female: - 65 to 74 years: - Nonveteran,Estimate; Total: - Female: - 75 years and over:,Margin of Error; Total: - Female: - 75 years and over:,Estimate; Total: - Female: - 75 years and over: - Veteran,Margin of Error; Total: - Female: - 75 years and over: - Veteran,Estimate; Total: - Female: - 75 years and over: - Nonveteran,Margin of Error; Total: - Female: - 75 years and over: - Nonveteran
0400000US09,09,Connecticut,2806551,553,188759,2430,2617792,2498,1347405,536,177605,2311,1169800,2311,395172,504,9258,668,385914,835,478471,362,32287,1245,446184,1306,235502,187,31314,1070,204188,1065,141112,206,49761,1109,91351,1114,97148,169,54985,907,42163,883,1459146,325,11154,670,1447992,774,385473,267,1566,279,383907,385,505387,230,4457,423,500930,509,251523,149,2102,253,249421,294,162847,181,1210,249,161637,319,153916,188,1819,223,152097,279
0600000US0900100000,0900100000,"County subdivisions not defined, Fairfield County, Connecticut",0,12,0,12,0,12,0,12,0,12,0,12,0,12,0,12,0,12,0,12,0,12,0,12,0,12,0,12,0,12,0,12,0,12,0,12,0,12,0,12,0,12,0,12,0,12,0,12,0,12,0,12,0,12,0,12,0,12,0,12,0,12,0,12,0,12,0,12,0,12,0,12,0,12,0,12,0,12
0600000US0900104720,0900104720,"Bethel town, Fairfield County, Connecticut",15072,243,1064,196,14008,286,7077,269,1017,192,6060,253,1732,255,26,26,1706,256,2845,235,153,104,2692,247,1371,176,229,117,1142,146,741,132,347,96,394,89,388,88,262,81,126,56,7995,291,47,48,7948,289,1859,255,24,37,1835,254,3182,251,18,30,3164,253,1453,202,0,19,1453,202,908,147,0,19,908,147,593,135,5,12,588,136
0600000US0900108070,0900108070,"Bridgeport town, Fairfield County, Connecticut",111267,916,4442,534,106825,1049,53062,1177,3939,474,49123,1233,21254,963,224,104,21030,977,18313,685,1026,249,17287,694,7226,502,824,205,6402,475,3619,330,733,174,2886,303,2650,290,1132,212,1518,223,58205,944,503,153,57702,945,20821,720,163,94,20658,724,19848,603,224,109,19624,587,8716,595,86,55,8630,588,4544,393,4,8,4540,393,4276,328,26,25,4250,321
0600000US0900108980,0900108980,"Brookfield town, Fairfield County, Connecticut",12890,312,724,157,12166,308,6341,290,717,157,5624,260,1447,305,21,24,1426,309,2365,240,83,74,2282,237,1269,184,82,52,1187,180,622,120,182,83,440,99,638,144,349,115,289,104,6549,238,7,11,6542,238,1256,204,0,19,1256,204,2519,228,0,19,2519,228,1355,200,0,19,1355,200,793,111,0,19,793,111,626,115,7,11,619,116
0600000US0900118500,0900118500,"Danbury town, Fairfield County, Connecticut",66158,779,3167,328,62991,836,32324,738,2950,316,29374,798,10952,654,196,105,10756,651,12479,636,559,157,11920,641,4526,387,402,134,4124,373,2528,270,773,159,1755,231,1839,246,1020,171,819,228,33834,669,217,101,33617,657,10475,600,63,64,10412,601,11920,546,83,56,11837,542,4927,422,21,24,4906,422,3327,274,6,11,3321,271,3185,327,44,44,3141,321
0600000US0900118850,0900118850,"Darien town, Fairfield County, Connecticut",14414,265,611,117,13803,252,6886,220,595,114,6291,224,1312,198,0,22,1312,198,3119,175,56,34,3063,183,1408,169,57,50,1351,158,545,96,215,72,330,74,502,95,267,67,235,73,7528,214,16,17,7512,216,1340,221,8,13,1332,221,3558,168,0,22,3558,168,1191,157,0,22,1191,157,793,131,8,12,785,131,646,120,0,22,646,120
0600000US0900123890,0900123890,"Easton town, Fairfield County, Connecticut",5819,183,404,81,5415,194,2918,176,365,76,2553,191,488,131,0,17,488,131,1135,130,44,30,1091,132,687,144,53,45,634,139,420,78,154,62,266,69,188,60,114,53,74,37,2901,119,39,25,2862,119,356,98,0,17,356,98,1152,98,8,12,1144,99,722,128,10,16,712,130,364,89,0,17,364,89,307,83,21,17,286,81
0600000US0900126620,0900126620,"Fairfield town, Fairfield County, Connecticut",46041,316,2297,264,43744,344,21466,462,2186,255,19280,445,5297,391,77,55,5220,388,8527,333,265,93,8262,344,3654,264,220,86,3434,253,2357,218,714,125,1643,182,1631,229,910,172,721,151,24575,424,111,48,24464,427,6365,411,0,28,6365,411,8562,321,70,37,8492,320,4261,328,0,28,4261,328,2555,184,0,28,2555,184,2832,271,41,32,2791,267
0600000US0900133620,0900133620,"Greenwich town, Fairfield County, Connecticut",46525,581,2140,270,44385,585,21919,504,2028,252,19891,520,4685,398,0,28,4685,398,8934,422,176,83,8758,435,3847,308,242,98,3605,295,2449,220,540,108,1909,217,2004,197,1070,151,934,165,24606,613,112,57,24494,606,4660,459,26,42,4634,457,9916,394,33,31,9883,398,4163,314,26,25,4137,319,2905,245,18,19,2887,248,2962,262,9,13,2953,259
0600000US0900148620,0900148620,"Monroe town, Fairfield County, Connecticut",14749,269,624,161,14125,309,6824,318,624,161,6200,316,1279,226,21,34,1258,223,2987,257,33,47,2954,261,1532,232,112,89,1420,221,637,126,186,83,451,124,389,125,272,106,117,65,7925,350,0,19,7925,350,1585,356,0,19,1585,356,3265,243,0,19,3265,243,1590,213,0,19,1590,213,861,177,0,19,861,177,624,147,0,19,624,147
0600000US0900150580,0900150580,"New Canaan town, Fairfield County, Connecticut",14046,282,771,141,13275,285,6680,266,756,143,5924,268,715,169,0,22,715,169,3007,234,93,56,2914,249,1465,245,72,49,1393,233,741,166,188,73,553,155,752,172,403,118,349,148,7366,261,15,23,7351,258,1105,218,0,22,1105,218,3155,234,0,22,3155,234,1486,182,15,23,1471,185,767,152,0,22,767,152,853,159,0,22,853,159
0600000US0900150860,0900150860,"New Fairfield town, Fairfield County, Connecticut",10706,169,648,129,10058,198,5375,191,641,127,4734,188,1159,173,19,23,1140,170,1980,167,102,52,1878,164,1097,141,90,57,1007,132,712,111,267,79,445,96,427,77,163,53,264,61,5331,181,7,10,5324,180,1169,171,0,19,1169,171,2057,162,7,10,2050,162,1121,127,0,19,1121,127,596,106,0,19,596,106,388,97,0,19,388,97
0600000US0900152980,0900152980,"Newtown town, Fairfield County, Connecticut",20966,280,1385,228,19581,338,10397,301,1306,217,9091,324,2262,280,1,4,2261,280,4337,255,263,96,4074,247,1872,226,163,75,1709,211,989,156,445,118,544,121,937,169,434,124,503,128,10569,310,79,53,10490,312,1796,260,0,22,1796,260,4599,251,46,42,4553,251,1740,229,20,26,1720,223,1144,158,10,16,1134,157,1290,174,3,4,1287,174
0600000US0900156060,0900156060,"Norwalk town, Fairfield County, Connecticut",69913,721,3209,365,66704,762,33616,918,3087,350,30529,899,11107,670,258,195,10849,664,12071,521,385,112,11686,524,5384,423,578,194,4806,391,3174,273,939,182,2235,246,1880,230,927,147,953,162,36297,778,122,54,36175,778,9671,611,22,20,9649,610,13326,489,55,44,13271,483,6030,455,9,14,6021,453,3805,285,10,12,3795,285,3465,378,26,24,3439,377
0600000US0900163480,0900163480,"Redding town, Fairfield County, Connecticut",7119,183,449,102,6670,193,3491,193,442,101,3049,202,681,149,12,19,669,146,1286,175,34,32,1252,176,707,140,53,32,654,139,488,114,135,57,353,108,329,88,208,65,121,68,3628,133,7,12,3621,135,548,123,0,17,548,123,1357,128,0,17,1357,128,776,115,7,12,769,113,549,114,0,17,549,114,398,101,0,17,398,101
0600000US0900163970,0900163970,"Ridgefield town, Fairfield County, Connecticut",17790,311,1010,193,16780,326,8495,248,925,185,7570,279,1113,206,15,18,1098,205,3727,195,134,81,3593,208,1860,228,135,60,1725,223,1046,165,293,110,753,141,749,129,348,95,401,102,9295,261,85,58,9210,259,1229,219,8,12,1221,221,4231,233,25,26,4206,231,1829,243,38,43,1791,237,1072,169,0,22,1072,169,934,146,14,18,920,144
0600000US0900168170,0900168170,"Shelton town, Fairfield County, Connecticut",33211,354,2508,285,30703,417,15814,443,2354,284,13460,465,3471,367,111,55,3360,375,5490,332,253,83,5237,335,3305,231,497,132,2808,236,2061,249,593,141,1468,220,1487,208,900,168,587,145,17397,393,154,105,17243,405,3561,350,0,25,3561,350,6293,399,51,43,6242,399,2883,306,8,14,2875,308,2314,256,50,81,2264,257,2346,248,45,39,2301,250
0600000US0900168310,0900168310,"Sherman town, Fairfield County, Connecticut",2883,88,262,77,2621,105,1410,82,262,77,1148,99,153,51,0,12,153,51,564,81,21,23,543,81,291,70,37,34,254,68,291,70,133,53,158,49,111,51,71,34,40,37,1473,83,0,12,1473,83,286,84,0,12,286,84,630,76,0,12,630,76,227,66,0,12,227,66,229,56,0,12,229,56,101,37,0,12,101,37
0600000US0900173070,0900173070,"Stamford town, Fairfield County, Connecticut",100229,912,3455,383,96774,994,49022,972,3263,366,45759,975,17126,939,234,101,16892,941,17685,855,462,161,17223,839,7390,525,396,131,6994,511,3976,341,726,155,3250,314,2845,268,1445,205,1400,228,51207,904,192,78,51015,905,15881,918,52,56,15829,928,17761,648,78,47,17683,645,7685,509,22,22,7663,512,4972,388,15,20,4957,386,4908,332,25,26,4883,327
0600000US0900174190,0900174190,"Stratford town, Fairfield County, Connecticut",42427,472,2982,284,39445,471,19238,527,2792,292,16446,532,4945,425,107,58,4838,432,7106,331,509,143,6597,359,3290,291,422,124,2868,264,2293,230,846,160,1447,214,1604,214,908,167,696,161,23189,539,190,68,22999,545,5414,404,7,11,5407,404,7736,346,67,50,7669,354,3934,300,74,48,3860,293,2977,320,14,18,2963,319,3128,320,28,32,3100,314
0600000US0900177200,0900177200,"Trumbull town, Fairfield County, Connecticut",27286,311,1782,234,25504,330,13203,365,1674,235,11529,382,2899,294,48,33,2851,293,5078,254,183,84,4895,260,2327,220,224,88,2103,209,1490,185,510,126,980,161,1409,197,709,148,700,144,14083,296,108,60,13975,300,2569,284,25,37,2544,286,5359,268,31,23,5328,269,2297,192,9,16,2288,190,1709,199,0,25,1709,199,2149,224,43,50,2106,219
0600000US0900183430,0900183430,"Weston town, Fairfield County, Connecticut",7100,177,346,100,6754,177,3441,152,328,92,3113,163,408,124,7,12,401,124,1447,136,51,34,1396,137,930,144,17,19,913,143,464,108,134,67,330,87,192,60,119,52,73,38,3659,134,18,25,3641,134,408,103,11,18,397,102,1762,127,0,19,1762,127,902,143,0,19,902,143,303,79,0,19,303,79,284,78,7,11,277,76
0600000US0900183500,0900183500,"Westport town, Fairfield County, Connecticut",19739,313,940,159,18799,335,9454,300,894,152,8560,311,1562,225,21,22,1541,231,3828,204,52,33,3776,203,2076,188,107,56,1969,177,1168,160,255,75,913,160,820,134,459,100,361,92,10285,283,46,46,10239,283,1527,256,0,22,1527,256,4355,233,0,22,4355,233,2017,201,0,22,2017,201,1165,136,0,22,1165,136,1221,155,46,46,1175,153
0600000US0900186370,0900186370,"Wilton town, Fairfield County, Connecticut",13016,271,642,109,12374,293,6329,226,601,107,5728,241,1000,201,1,8,999,201,2629,152,51,30,2578,154,1410,169,11,14,1399,171,715,106,137,48,578,94,575,118,401,102,174,67,6687,196,41,26,6646,197,1090,172,0,19,1090,172,2824,151,0,19,2824,151,1379,167,10,15,1369,170,683,103,18,19,665,103,711,132,13,14,698,132
0600000US0900302060,0900302060,"Avon town, Hartford County, Connecticut",13934,230,911,132,13023,223,6412,207,869,125,5543,183,1041,178,5,9,1036,176,2531,240,38,36,2493,237,1469,184,98,58,1371,174,582,98,200,75,382,87,789,136,528,109,261,95,7522,235,42,35,7480,228,1266,201,0,19,1266,201,2769,182,7,11,2762,182,1398,179,8,12,1390,177,1113,177,27,30,1086,169,976,155,0,19,976,155
0600000US0900304300,0900304300,"Berlin town, Hartford County, Connecticut",16179,287,1259,219,14920,353,7860,297,1259,219,6601,311,1571,282,21,34,1550,277,2969,253,257,113,2712,268,1486,257,130,81,1356,257,1087,184,275,116,812,149,747,180,576,142,171,97,8319,357,0,22,8319,357,1373,267,0,22,1373,267,3055,230,0,22,3055,230,1475,204,0,22,1475,204,1233,184,0,22,1233,184,1183,231,0,22,1183,231
0600000US0900305910,0900305910,"Bloomfield town, Hartford County, Connecticut",17830,245,1313,230,16517,345,8137,349,1212,216,6925,323,2428,299,20,33,2408,300,2245,315,179,86,2066,309,1513,227,226,117,1287,219,1033,174,301,115,732,149,918,178,486,134,432,108,9693,391,101,67,9592,387,1997,310,32,41,1965,305,2578,249,21,34,2557,244,2063,224,25,29,2038,225,1486,218,0,22,1486,218,1569,182,23,27,1546,179
0600000US0900308490,0900308490,"Bristol town, Hartford County, Connecticut",48130,550,3590,387,44540,618,23358,633,3424,366,19934,657,7002,624,108,88,6894,629,8147,505,644,182,7503,503,4333,354,617,141,3716,352,2162,215,971,180,1191,183,1714,219,1084,180,630,125,24772,575,166,77,24606,590,6506,511,29,36,6477,514,8257,476,58,42,8199,469,4254,398,14,22,4240,402,2490,264,0,28,2490,264,3265,282,65,42,3200,285
0600000US0900310100,0900310100,"Burlington town, Hartford County, Connecticut",7209,130,539,110,6670,143,3461,162,511,104,2950,169,607,137,35,34,572,134,1562,118,91,42,1471,115,761,111,111,51,650,99,444,87,207,64,237,70,87,43,67,37,20,18,3748,128,28,27,3720,127,668,113,14,22,654,115,1604,111,0,17,1604,111,799,125,0,17,799,125,461,85,14,15,447,85,216,70,0,17,216,70
0600000US0900312270,0900312270,"Canton town, Hartford County, Connecticut",8113,193,677,170,7436,248,3963,232,677,170,3286,234,748,189,25,42,723,184,1515,191,258,115,1257,195,851,153,79,51,772,148,480,110,129,52,351,106,369,101,186,80,183,83,4150,198,0,19,4150,198,836,172,0,19,836,172,1532,211,0,19,1532,211,816,165,0,19,816,165,589,113,0,19,589,113,377,119,0,19,377,119
0600000US0900322070,0900322070,"East Granby town, Hartford County, Connecticut",3931,135,345,93,3586,147,1802,145,329,93,1473,170,284,115,0,17,284,115,794,142,78,60,716,141,367,114,46,52,321,113,218,81,92,62,126,61,139,65,113,60,26,28,2129,135,16,25,2113,137,388,114,0,17,388,114,832,136,0,17,832,136,421,133,0,17,421,133,249,75,0,17,249,75,239,70,16,25,223,69
0600000US0900322630,0900322630,"East Hartford town, Hartford County, Connecticut",39451,559,2606,298,36845,617,18906,689,2462,299,16444,669,5932,476,146,87,5786,463,7107,420,358,130,6749,421,2863,283,534,140,2329,293,1602,205,660,134,942,147,1402,202,764,138,638,149,20545,562,144,74,20401,568,5898,500,14,14,5884,502,7578,419,73,48,7505,417,3184,301,36,43,3148,294,1860,202,8,12,1852,200,2025,252,13,16,2012,251
0600000US0900324800,0900324800,"East Windsor town, Hartford County, Connecticut",9319,466,703,172,8616,472,4212,326,656,164,3556,343,1281,270,55,50,1226,273,1470,261,106,90,1364,268,759,207,207,117,552,177,346,106,119,63,227,96,356,110,169,67,187,96,5107,351,47,42,5060,350,1408,233,0,19,1408,233,1713,257,20,30,1693,255,897,204,13,20,884,206,461,119,0,19,461,119,628,152,14,22,614,153
0600000US0900325990,0900325990,"Enfield town, Hartford County, Connecticut",36133,399,3308,301,32825,462,19105,618,3156,294,15949,673,6036,532,172,96,5864,509,6867,453,601,151,6266,428,3111,290,670,134,2441,267,1574,163,649,127,925,139,1517,157,1064,153,453,97,17028,473,152,61,16876,471,4307,350,5,10,4302,350,5747,401,72,47,5675,393,3097,283,36,27,3061,281,1776,160,23,19,1753,162,2101,202,16,20,2085,198
0600000US0900327600,0900327600,"Farmington town, Hartford County, Connecticut",20188,257,1389,178,18799,291,9761,308,1274,162,8487,303,2345,304,53,44,2292,297,3533,234,132,52,3401,229,1714,184,166,62,1548,183,1124,150,407,84,717,135,1045,163,516,119,529,136,10427,270,115,66,10312,297,2461,267,0,22,2461,267,3623,244,49,49,3574,261,1882,218,44,41,1838,220,1315,156,9,13,1306,155,1146,156,13,15,1133,156
0600000US0900331240,0900331240,"Glastonbury town, Hartford County, Connecticut",26293,303,1545,191,24748,334,12656,369,1462,199,11194,382,2488,290,25,28,2463,291,5121,307,192,85,4929,323,2479,235,221,74,2258,232,1612,183,452,100,1160,199,956,151,572,133,384,95,13637,324,83,56,13554,320,1890,228,0,25,1890,228,5771,272,70,53,5701,282,2757,199,0,25,2757,199,1684,156,0,25,1684,156,1535,205,13,17,1522,206
0600000US0900332640,0900332640,"Granby town, Hartford County, Connecticut",8626,143,701,173,7925,203,4295,170,642,165,3653,196,924,212,0,19,924,212,1698,171,128,82,1570,179,916,162,203,88,713,152,476,90,189,63,287,96,281,85,122,54,159,73,4331,147,59,58,4272,159,576,131,16,23,560,132,1821,159,32,48,1789,167,874,141,11,17,863,142,580,110,0,19,580,110,480,106,0,19,480,106
0600000US0900337070,0900337070,"Hartford town, Hartford County, Connecticut",93548,926,2839,267,90709,928,44430,1005,2585,269,41845,983,20120,874,481,170,19639,842,13784,607,623,138,13161,594,5700,400,450,115,5250,402,3128,259,491,109,2637,249,1698,209,540,120,1158,181,49118,836,254,118,48864,839,19617,628,60,47,19557,628,15593,579,139,102,15454,585,6424,398,36,27,6388,400,4069,325,19,18,4050,325,3415,256,0,28,3415,256
0600000US0900337140,0900337140,"Hartland town, Hartford County, Connecticut",1679,89,155,41,1524,94,819,59,142,40,677,62,172,43,0,12,172,43,236,40,24,26,212,40,220,39,35,21,185,40,116,29,32,16,84,31,75,24,51,17,24,15,860,67,13,14,847,64,127,34,0,12,127,34,329,49,8,11,321,51,252,51,5,8,247,49,86,30,0,12,86,30,66,24,0,12,66,24
0600000US0900344700,0900344700,"Manchester town, Hartford County, Connecticut",45019,653,2791,299,42228,634,20643,561,2619,270,18024,587,7401,575,190,81,7211,572,6976,410,266,102,6710,422,3029,317,412,110,2617,310,1897,179,978,146,919,161,1340,160,773,145,567,123,24376,563,172,72,24204,560,8545,538,7,11,8538,538,7254,421,113,65,7141,418,3720,344,19,23,3701,346,2649,291,7,12,2642,289,2208,246,26,26,2182,243
0600000US0900345820,0900345820,"Marlborough town, Hartford County, Connecticut",4910,162,473,153,4437,205,2395,144,435,149,1960,173,402,129,27,44,375,115,1147,168,119,75,1028,171,392,122,57,59,335,110,423,109,222,118,201,72,31,29,10,22,21,29,2515,154,38,35,2477,157,544,167,14,22,530,168,992,168,12,18,980,170,427,124,0,17,427,124,412,95,12,20,400,97,140,87,0,17,140,87
0600000US0900350440,0900350440,"New Britain town, Hartford County, Connecticut",55957,691,2461,292,53496,693,26747,732,2341,275,24406,744,10236,627,139,63,10097,622,8693,476,455,141,8238,449,4124,353,607,158,3517,334,2106,230,500,114,1606,233,1588,213,640,128,948,175,29210,720,120,67,29090,719,10482,578,0,28,10482,578,9197,505,24,25,9173,506,4339,322,37,36,4302,327,2626,267,35,38,2591,269,2566,313,24,26,2542,309
0600000US0900352140,0900352140,"Newington town, Hartford County, Connecticut",24883,318,1863,224,23020,362,11630,361,1763,225,9867,373,3170,321,64,49,3106,320,4097,293,316,117,3781,276,1924,214,264,92,1660,217,1458,183,529,127,929,157,981,154,590,110,391,113,13253,338,100,66,13153,353,2800,248,0,25,2800,248,4294,290,54,49,4240,281,2372,233,14,20,2358,233,1838,201,0,25,1838,201,1949,200,32,36,1917,195
0600000US0900360120,0900360120,"Plainville town, Hartford County, Connecticut",14254,266,1179,204,13075,305,6783,300,1126,199,5657,366,1799,257,67,55,1732,256,2423,236,243,103,2180,226,1321,200,330,146,991,169,740,137,288,85,452,144,500,118,198,78,302,106,7471,290,53,45,7418,300,1721,240,0,19,1721,240,2480,206,0,19,2480,206,1536,244,19,25,1517,240,875,163,34,38,841,166,859,190,0,19,859,190
0600000US0900365370,0900365370,"Rocky Hill town, Hartford County, Connecticut",16402,298,1198,396,15204,429,7554,435,1174,398,6380,351,2118,310,39,44,2079,304,2319,246,119,71,2200,242,1441,237,267,161,1174,200,1121,198,384,145,737,149,555,157,365,144,190,104,8848,386,24,28,8824,381,2462,328,0,19,2462,328,2393,289,0,19,2393,289,1817,278,14,23,1803,276,1028,179,10,15,1018,178,1148,187,0,19,1148,187
0600000US0900368940,0900368940,"Simsbury town, Hartford County, Connecticut",18127,268,1407,204,16720,304,8672,265,1307,192,7365,265,1643,224,57,45,1586,222,3349,190,176,65,3173,187,1845,269,192,75,1653,260,1142,156,408,122,734,118,693,117,474,95,219,78,9455,231,100,55,9355,232,1708,219,15,16,1693,223,3664,225,56,39,3608,231,2047,196,17,23,2030,200,1108,142,0,22,1108,142,928,141,12,18,916,142
0600000US0900370550,0900370550,"Southington town, Hartford County, Connecticut",34426,346,2836,243,31590,419,16751,410,2713,237,14038,461,4138,423,130,72,4008,436,6068,334,525,153,5543,331,2987,286,438,135,2549,270,2386,219,881,157,1505,175,1172,175,739,150,433,105,17675,411,123,68,17552,415,3324,360,0,25,3324,360,6424,342,66,50,6358,340,3204,293,10,15,3194,295,2515,210,15,20,2500,211,2208,262,32,41,2176,248
0600000US0900371390,0900371390,"South Windsor town, Hartford County, Connecticut",20087,231,1320,214,18767,299,9468,296,1234,202,8234,365,2176,333,65,73,2111,332,3834,296,310,97,3524,287,1702,179,134,76,1568,180,1006,157,319,89,687,159,750,146,406,107,344,114,10619,296,86,55,10533,297,2166,273,13,20,2153,276,3999,213,31,34,3968,227,1901,200,11,16,1890,197,1320,195,8,14,1312,193,1233,206,23,26,1210,206
0600000US0900374540,0900374540,"Suffield town, Hartford County, Connecticut",12572,181,927,158,11645,241,7041,219,886,159,6155,241,2181,231,48,41,2133,234,2614,250,203,92,2411,228,1176,156,129,64,1047,157,713,133,288,79,425,126,357,99,218,89,139,63,5531,214,41,30,5490,213,1272,215,0,19,1272,215,2107,202,8,11,2099,201,849,159,9,14,840,156,773,137,24,26,749,137,530,110,0,19,530,110
0600000US0900382590,0900382590,"West Hartford town, Hartford County, Connecticut",48910,500,2664,252,46246,586,22593,540,2524,243,20069,588,6101,482,170,79,5931,458,7949,427,336,97,7613,431,4119,268,319,96,3800,272,2450,231,663,122,1787,225,1974,164,1036,133,938,133,26317,526,140,52,26177,529,6281,459,8,13,6273,458,9057,351,77,40,8980,350,4326,327,10,16,4316,328,2834,201,0,28,2834,201,3819,330,45,32,3774,331
0600000US0900384900,0900384900,"Wethersfield town, Hartford County, Connecticut",21318,241,1733,227,19585,315,9793,356,1674,220,8119,381,2324,357,68,52,2256,359,3316,241,222,105,3094,248,1805,174,235,67,1570,181,1172,192,438,130,734,136,1176,164,711,151,465,126,11525,349,59,40,11466,351,2439,261,0,22,2439,261,3941,268,15,19,3926,270,2054,218,16,17,2038,220,1373,207,0,22,1373,207,1718,221,28,26,1690,222
0600000US0900387000,0900387000,"Windsor town, Hartford County, Connecticut",23009,279,1756,271,21253,394,10541,353,1650,268,8891,392,2655,350,159,83,2496,343,3889,275,460,151,3429,323,1905,206,142,54,1763,212,1152,167,421,128,731,136,940,166,468,111,472,118,12468,407,106,62,12362,421,3019,377,27,45,2992,381,4395,295,12,14,4383,292,2438,215,28,28,2410,214,1464,162,10,11,1454,163,1152,163,29,21,1123,162
0600000US0900387070,0900387070,"Windsor Locks town, Hartford County, Connecticut",10304,141,869,164,9435,192,5192,248,821,151,4371,265,1525,253,56,64,1469,247,1787,194,128,69,1659,193,895,150,211,94,684,134,548,104,206,66,342,88,437,122,220,89,217,87,5112,223,48,43,5064,226,1108,189,0,19,1108,189,1876,231,8,12,1868,230,828,155,18,27,810,152,636,103,0,19,636,103,664,127,22,26,642,125
0600000US0900502760,0900502760,"Barkhamsted town, Litchfield County, Connecticut",2893,147,221,84,2672,143,1369,110,212,79,1157,117,312,93,18,21,294,92,597,88,31,30,566,93,205,67,24,36,181,57,178,48,94,39,84,40,77,50,45,31,32,36,1524,100,9,13,1515,99,290,89,0,12,290,89,686,79,0,12,686,79,210,55,9,13,201,54,218,66,0,12,218,66,120,53,0,12,120,53
0600000US0900504930,0900504930,"Bethlehem town, Litchfield County, Connecticut",2759,98,170,55,2589,101,1359,98,150,55,1209,102,338,103,0,12,338,103,431,76,8,13,423,72,362,67,25,18,337,65,179,42,99,46,80,36,49,30,18,19,31,24,1400,75,20,21,1380,74,158,62,0,12,158,62,553,78,0,12,553,78,375,79,8,13,367,81,198,63,0,12,198,63,116,42,12,17,104,42
0600000US0900508210,0900508210,"Bridgewater town, Litchfield County, Connecticut",1447,103,149,50,1298,86,699,74,140,50,559,56,95,35,13,17,82,31,208,43,29,39,179,28,155,34,3,4,152,34,145,33,57,21,88,29,96,27,38,21,58,24,748,55,9,8,739,54,92,25,5,6,87,25,221,36,2,3,219,36,193,36,0,12,193,36,147,28,2,3,145,28,95,24,0,12,95,24
0600000US0900510940,0900510940,"Canaan town, Litchfield County, Connecticut",996,89,71,19,925,86,484,58,71,19,413,56,85,27,0,12,85,27,174,38,9,8,165,39,90,30,4,5,86,30,79,22,28,15,51,19,56,17,30,11,26,13,512,45,0,12,512,45,96,27,0,12,96,27,160,36,0,12,160,36,106,33,0,12,106,33,57,21,0,12,57,21,93,29,0,12,93,29
0600000US0900516050,0900516050,"Colebrook town, Litchfield County, Connecticut",1293,119,117,37,1176,107,666,76,111,34,555,69,126,37,1,4,125,36,252,46,27,19,225,45,154,32,25,13,129,33,108,27,43,17,65,26,26,15,15,11,11,10,627,67,6,8,621,66,124,39,0,12,124,39,230,40,6,8,224,40,167,42,0,12,167,42,62,23,0,12,62,23,44,18,0,12,44,18
0600000US0900517240,0900517240,"Cornwall town, Litchfield County, Connecticut",1071,86,107,31,964,81,511,55,100,30,411,51,62,29,4,5,58,28,122,26,14,14,108,28,172,34,16,9,156,34,91,25,29,14,62,20,64,21,37,19,27,12,560,49,7,8,553,49,42,22,0,12,42,22,174,34,0,12,174,34,150,34,3,4,147,34,98,26,0,12,98,26,96,30,4,7,92,30
0600000US0900532290,0900532290,"Goshen town, Litchfield County, Connecticut",2413,91,222,66,2191,103,1144,76,203,61,941,89,146,60,5,10,141,60,388,70,36,31,352,72,347,82,20,21,327,82,199,52,106,47,93,43,64,35,36,28,28,24,1269,81,19,20,1250,77,237,81,0,12,237,81,434,72,11,17,423,67,337,65,8,12,329,65,148,49,0,12,148,49,113,45,0,12,113,45
0600000US0900537280,0900537280,"Harwinton town, Litchfield County, Connecticut",4398,159,374,95,4024,178,2213,125,347,89,1866,141,358,105,0,17,358,105,840,104,27,24,813,105,461,90,58,32,403,90,363,86,164,70,199,61,191,72,98,43,93,62,2185,112,27,26,2158,115,372,81,0,17,372,81,789,104,18,21,771,103,457,79,9,14,448,79,339,95,0,17,339,95,228,68,0,17,228,68
0600000US0900540290,0900540290,"Kent town, Litchfield County, Connecticut",2261,192,210,64,2051,185,1127,152,210,64,917,159,197,151,0,12,197,151,266,80,0,12,266,80,388,112,69,38,319,113,140,63,21,32,119,52,136,57,120,55,16,17,1134,149,0,12,1134,149,134,125,0,12,134,125,315,72,0,12,315,72,211,78,0,12,211,78,255,76,0,12,255,76,219,64,0,12,219,64
0600000US0900543370,0900543370,"Litchfield town, Litchfield County, Connecticut",6710,185,478,97,6232,174,3146,157,450,96,2696,164,444,102,54,36,390,99,1178,141,25,21,1153,136,688,98,62,27,626,98,482,76,138,46,344,71,354,81,171,64,183,48,3564,185,28,17,3536,183,519,107,0,17,519,107,1075,132,8,12,1067,132,817,115,6,7,811,115,587,102,0,17,587,102,566,188,14,12,552,185
0600000US0900549460,0900549460,"Morris town, Litchfield County, Connecticut",1901,120,181,51,1720,130,963,79,170,49,793,90,244,64,0,12,244,64,313,62,77,40,236,56,222,41,15,14,207,44,122,37,36,19,86,29,62,29,42,26,20,15,938,74,11,12,927,72,172,52,0,12,172,52,341,61,11,12,330,60,201,55,0,12,201,55,142,30,0,12,142,30,82,36,0,12,82,36
0600000US0900551350,0900551350,"New Hartford town, Litchfield County, Connecticut",5066,237,280,103,4786,253,2523,191,241,99,2282,194,402,122,0,17,402,122,1091,136,33,31,1058,144,584,121,31,32,553,125,353,97,103,66,250,84,93,60,74,60,19,28,2543,193,39,36,2504,186,377,138,0,17,377,138,1023,137,12,19,1011,136,590,130,0,17,590,130,338,107,0,17,338,107,215,79,27,31,188,72
0600000US0900552630,0900552630,"New Milford town, Litchfield County, Connecticut",21948,292,1687,245,20261,355,11026,339,1628,235,9398,367,2824,311,32,30,2792,312,4312,342,279,113,4033,330,2167,242,458,166,1709,237,1049,163,411,129,638,127,674,115,448,112,226,90,10922,283,59,45,10863,286,2233,255,0,22,2233,255,4412,265,27,32,4385,267,2067,211,0,22,2067,211,1179,165,17,27,1162,165,1031,175,15,17,1016,176
0600000US0900553470,0900553470,"Norfolk town, Litchfield County, Connecticut",1197,110,120,37,1077,97,622,81,120,37,502,74,71,32,0,12,71,32,191,47,7,6,184,47,156,37,25,24,131,29,109,30,37,22,72,24,95,32,51,21,44,25,575,49,0,12,575,49,70,26,0,12,70,26,157,34,0,12,157,34,148,33,0,12,148,33,137,28,0,12,137,28,63,19,0,12,63,19
0600000US0900554030,0900554030,"North Canaan town, Litchfield County, Connecticut",2611,88,275,82,2336,117,1397,122,268,82,1129,135,367,117,0,12,367,117,515,105,43,32,472,102,167,65,45,38,122,61,187,61,92,45,95,49,161,71,88,49,73,55,1214,105,7,12,1207,109,250,85,0,12,250,85,436,87,7,12,429,88,198,65,0,12,198,65,145,67,0,12,145,67,185,75,0,12,185,75
0600000US0900560750,0900560750,"Plymouth town, Litchfield County, Connecticut",9608,176,899,163,8709,232,4420,181,807,150,3613,224,1302,221,12,19,1290,225,1494,177,233,102,1261,170,832,134,174,83,658,112,514,101,206,67,308,89,278,78,182,65,96,47,5188,206,92,65,5096,211,1667,215,0,19,1667,215,1564,172,73,62,1491,167,955,129,10,16,945,127,562,118,9,14,553,117,440,104,0,19,440,104
0600000US0900565930,0900565930,"Roxbury town, Litchfield County, Connecticut",1848,157,133,38,1715,158,907,82,133,38,774,87,80,34,0,12,80,34,364,54,25,19,339,54,170,40,0,12,170,40,185,46,57,21,128,46,108,36,51,28,57,27,941,110,0,12,941,110,131,77,0,12,131,77,338,49,0,12,338,49,192,40,0,12,192,40,206,43,0,12,206,43,74,27,0,12,74,27
0600000US0900566420,0900566420,"Salisbury town, Litchfield County, Connecticut",3096,149,332,90,2764,149,1564,117,302,88,1262,125,269,121,0,12,269,121,403,112,11,23,392,115,299,72,22,25,277,75,364,98,176,79,188,66,229,89,93,45,136,76,1532,122,30,28,1502,120,210,92,13,22,197,93,427,80,0,12,427,80,354,83,0,12,354,83,260,95,0,12,260,95,281,89,17,19,264,83
0600000US0900567960,0900567960,"Sharon town, Litchfield County, Connecticut",2491,127,329,100,2162,158,1220,137,317,99,903,148,134,67,0,12,134,67,248,92,38,53,210,82,365,84,14,16,351,81,277,91,137,63,140,72,196,83,128,76,68,41,1271,105,12,18,1259,104,89,67,0,12,89,67,301,79,0,12,301,79,419,101,0,12,419,101,276,89,12,18,264,83,186,86,0,12,186,86
0600000US0900575730,0900575730,"Thomaston town, Litchfield County, Connecticut",6130,156,527,144,5603,185,2789,150,420,105,2369,167,834,150,34,30,800,147,886,158,72,52,814,157,630,130,131,69,499,105,220,79,86,38,134,63,219,60,97,43,122,54,3341,168,107,71,3234,172,728,136,42,49,686,121,1204,148,24,27,1180,153,659,142,9,14,650,142,430,96,22,26,408,96,320,78,10,15,310,76
0600000US0900576570,0900576570,"Torrington town, Litchfield County, Connecticut",28387,349,2698,288,25689,418,13770,335,2547,283,11223,418,3243,299,97,59,3146,296,5050,330,567,159,4483,308,2855,220,530,146,2325,246,1569,165,671,148,898,124,1053,145,682,128,371,97,14617,354,151,61,14466,361,3529,276,26,22,3503,280,4805,313,62,47,4743,314,2784,259,24,24,2760,257,1784,182,14,17,1770,176,1715,184,25,27,1690,184
0600000US0900579510,0900579510,"Warren town, Litchfield County, Connecticut",1210,102,100,30,1110,97,637,63,100,30,537,62,116,34,0,12,116,34,238,44,13,10,225,43,131,23,28,22,103,24,115,26,39,19,76,23,37,15,20,10,17,10,573,52,0,12,573,52,76,27,0,12,76,27,200,35,0,12,200,35,149,30,0,12,149,30,107,27,0,12,107,27,41,14,0,12,41,14
0600000US0900579720,0900579720,"Washington town, Litchfield County, Connecticut",3019,125,195,63,2824,137,1560,144,194,63,1366,155,349,111,11,17,338,112,280,71,8,14,272,73,455,90,27,26,428,96,310,75,79,51,231,66,166,64,69,37,97,51,1459,132,1,7,1458,131,162,72,1,7,161,69,421,103,0,12,421,103,389,84,0,12,389,84,269,88,0,12,269,88,218,67,0,12,218,67
0600000US0900580490,0900580490,"Watertown town, Litchfield County, Connecticut",17421,342,1310,231,16111,339,8334,374,1190,208,7144,375,2177,319,10,16,2167,318,2917,236,135,102,2782,245,1639,214,218,103,1421,198,948,159,426,111,522,122,653,148,401,121,252,111,9087,355,120,92,8967,355,1951,249,0,22,1951,249,3173,249,48,51,3125,247,1744,263,0,22,1744,263,1176,214,55,75,1121,203,1043,219,17,29,1026,211
0600000US0900586440,0900586440,"Winchester town, Litchfield County, Connecticut",9216,298,801,171,8415,320,4634,278,779,168,3855,314,1267,256,0,19,1267,256,1522,236,179,92,1343,231,832,171,130,79,702,157,517,172,154,77,363,153,496,152,316,126,180,113,4582,262,22,34,4560,264,1081,170,0,19,1081,170,1621,209,0,19,1621,209,782,162,22,34,760,163,557,148,0,19,557,148,541,147,0,19,541,147
0600000US0900587910,0900587910,"Woodbury town, Litchfield County, Connecticut",7647,202,451,134,7196,224,3627,209,433,125,3194,224,637,171,41,42,596,168,1379,156,29,31,1350,152,739,151,87,56,652,152,654,115,188,77,466,121,218,80,88,51,130,63,4020,158,18,30,4002,157,570,139,0,17,570,139,1511,171,18,30,1493,171,944,160,0,17,944,160,484,105,0,17,484,105,511,134,0,17,511,134
0600000US0900700000,0900700000,"County subdivisions not defined, Middlesex County, Connecticut",0,12,0,12,0,12,0,12,0,12,0,12,0,12,0,12,0,12,0,12,0,12,0,12,0,12,0,12,0,12,0,12,0,12,0,12,0,12,0,12,0,12,0,12,0,12,0,12,0,12,0,12,0,12,0,12,0,12,0,12,0,12,0,12,0,12,0,12,0,12,0,12,0,12,0,12,0,12
0600000US0900714300,0900714300,"Chester town, Middlesex County, Connecticut",3478,125,328,108,3150,145,1619,145,315,104,1304,147,298,75,10,17,288,77,548,74,62,44,486,77,403,93,81,56,322,87,303,62,114,51,189,48,67,38,48,30,19,26,1859,108,13,18,1846,110,179,76,0,12,179,76,600,78,0,12,600,78,381,85,9,15,372,84,325,70,4,10,321,69,374,112,0,12,374,112
0600000US0900715350,0900715350,"Clinton town, Middlesex County, Connecticut",10449,246,914,127,9535,251,4816,204,850,118,3966,201,989,217,51,37,938,209,1973,169,175,64,1798,172,836,133,106,48,730,126,630,121,228,68,402,112,388,66,290,65,98,41,5633,195,64,39,5569,193,1238,188,21,34,1217,172,1885,159,36,33,1849,160,1141,152,7,13,1134,151,804,114,0,19,804,114,565,104,0,19,565,104
0600000US0900718080,0900718080,"Cromwell town, Middlesex County, Connecticut",11302,230,878,179,10424,235,5686,275,842,173,4844,247,1478,281,113,121,1365,226,2009,214,154,76,1855,210,1136,162,117,65,1019,165,558,129,213,91,345,107,505,122,245,77,260,102,5616,259,36,30,5580,253,1083,204,9,15,1074,204,1904,206,0,19,1904,206,1088,157,0,19,1088,157,671,142,13,21,658,140,870,143,14,23,856,141
0600000US0900719130,0900719130,"Deep River town, Middlesex County, Connecticut",3562,108,355,82,3207,124,1747,103,355,82,1392,110,376,95,0,12,376,95,648,99,19,22,629,103,325,62,74,38,251,61,279,63,174,64,105,47,119,44,88,34,31,26,1815,92,0,12,1815,92,287,72,0,12,287,72,716,114,0,12,716,114,386,84,0,12,386,84,293,53,0,12,293,53,133,50,0,12,133,50
0600000US0900720810,0900720810,"Durham town, Middlesex County, Connecticut",5783,205,314,115,5469,222,2907,169,301,114,2606,194,674,131,0,17,674,131,1216,174,26,29,1190,175,490,141,33,49,457,135,306,108,123,76,183,87,221,81,119,61,102,62,2876,184,13,21,2863,183,499,133,0,17,499,133,1202,135,13,21,1189,132,569,140,0,17,569,140,401,86,0,17,401,86,205,81,0,17,205,81
0600000US0900722280,0900722280,"East Haddam town, Middlesex County, Connecticut",7147,156,694,152,6453,175,3581,188,690,152,2891,202,829,160,37,57,792,154,1342,183,121,82,1221,184,747,132,209,101,538,120,509,138,206,90,303,119,154,57,117,55,37,28,3566,167,4,9,3562,166,763,151,0,17,763,151,1376,156,0,17,1376,156,706,117,0,17,706,117,414,95,0,17,414,95,307,96,4,9,303,91
0600000US0900722490,0900722490,"East Hampton town, Middlesex County, Connecticut",10088,209,1101,189,8987,252,5091,222,1080,184,4011,220,980,187,11,16,969,187,1975,221,214,84,1761,207,1129,163,243,85,886,148,702,157,413,135,289,121,305,76,199,71,106,49,4997,188,21,19,4976,185,914,168,0,19,914,168,2137,202,21,19,2116,203,958,148,0,19,958,148,573,95,0,19,573,95,415,126,0,19,415,126
0600000US0900726270,0900726270,"Essex town, Middlesex County, Connecticut",5405,155,680,135,4725,202,2641,177,663,136,1978,184,396,175,13,21,383,177,737,133,57,41,680,136,538,151,104,75,434,130,617,117,253,102,364,90,353,121,236,97,117,79,2764,198,17,23,2747,198,280,104,0,17,280,104,839,139,0,17,839,139,627,133,14,22,613,132,561,143,0,17,561,143,457,119,3,7,454,117
0600000US0900735230,0900735230,"Haddam town, Middlesex County, Connecticut",6720,184,548,145,6172,212,3180,198,526,146,2654,225,664,188,0,17,664,188,1165,144,47,45,1118,142,645,122,110,74,535,119,437,142,193,113,244,89,269,75,176,71,93,54,3540,169,22,28,3518,165,661,170,0,17,661,170,1306,141,12,19,1294,143,708,147,0,17,708,147,557,123,0,17,557,123,308,97,10,20,298,90
0600000US0900740710,0900740710,"Killingworth town, Middlesex County, Connecticut",5103,113,359,127,4744,182,2547,119,350,127,2197,177,447,119,22,33,425,119,1003,149,43,49,960,149,501,134,60,48,441,128,371,88,118,74,253,86,225,83,107,55,118,63,2556,114,9,15,2547,113,354,98,0,17,354,98,925,136,0,17,925,136,624,118,9,15,615,122,415,108,0,17,415,108,238,95,0,17,238,95
0600000US0900747080,0900747080,"Middlefield town, Middlesex County, Connecticut",3564,100,251,71,3313,118,1660,108,243,72,1417,111,282,83,0,12,282,83,613,105,25,23,588,103,388,95,64,47,324,86,246,73,67,33,179,64,131,55,87,43,44,30,1904,106,8,12,1896,105,354,131,0,12,354,131,758,98,8,12,750,95,431,100,0,12,431,100,156,59,0,12,156,59,205,68,0,12,205,68
0600000US0900747360,0900747360,"Middletown town, Middlesex County, Connecticut",38471,498,2664,367,35807,553,18096,527,2449,341,15647,565,6784,429,108,68,6676,415,5823,367,516,162,5307,377,2849,249,513,143,2336,252,1426,188,629,159,797,164,1214,181,683,146,531,143,20375,454,215,99,20160,448,7325,364,70,62,7255,359,6220,321,89,74,6131,322,3040,278,28,23,3012,279,1778,202,0,25,1778,202,2012,238,28,33,1984,232
0600000US0900757320,0900757320,"Old Saybrook town, Middlesex County, Connecticut",8129,230,790,127,7339,273,3712,174,765,124,2947,215,601,158,10,17,591,157,1234,185,106,60,1128,196,889,125,210,77,679,117,574,131,185,68,389,102,414,104,254,80,160,65,4417,195,25,31,4392,199,600,173,0,19,600,173,1336,168,25,31,1311,172,972,161,0,19,972,161,726,142,0,19,726,142,783,143,0,19,783,143
0600000US0900761800,0900761800,"Portland town, Middlesex County, Connecticut",7472,182,662,159,6810,240,3761,183,637,154,3124,193,840,224,0,17,840,224,1256,178,27,24,1229,177,828,127,150,83,678,112,468,107,174,74,294,108,369,135,286,122,83,54,3711,180,25,31,3686,182,739,190,8,15,731,191,1435,160,0,17,1435,160,613,103,17,27,596,99,410,103,0,17,410,103,514,119,0,17,514,119
0600000US0900781680,0900781680,"Westbrook town, Middlesex County, Connecticut",5953,183,665,169,5288,198,3042,276,620,162,2422,237,557,186,15,25,542,183,1127,237,122,66,1005,250,696,145,139,109,557,130,389,114,150,77,239,89,273,77,194,69,79,49,2911,213,45,43,2866,214,449,152,0,17,449,152,938,170,0,17,938,170,704,176,17,27,687,176,516,118,28,33,488,119,304,91,0,17,304,91
0600000US0900900000,0900900000,"County subdivisions not defined, New Haven County, Connecticut",0,12,0,12,0,12,0,12,0,12,0,12,0,12,0,12,0,12,0,12,0,12,0,12,0,12,0,12,0,12,0,12,0,12,0,12,0,12,0,12,0,12,0,12,0,12,0,12,0,12,0,12,0,12,0,12,0,12,0,12,0,12,0,12,0,12,0,12,0,12,0,12,0,12,0,12,0,12
0600000US0900901220,0900901220,"Ansonia town, New Haven County, Connecticut",14720,506,813,180,13907,516,7074,502,775,169,6299,471,2278,336,0,19,2278,336,2558,338,200,96,2358,325,1160,199,177,100,983,195,625,130,119,46,506,126,453,122,279,99,174,82,7646,409,38,35,7608,411,2017,293,9,14,2008,292,2429,269,5,17,2424,268,1510,253,14,25,1496,257,904,155,10,17,894,154,786,215,0,19,786,215
0600000US0900903250,0900903250,"Beacon Falls town, New Haven County, Connecticut",4725,140,310,124,4415,184,2225,208,295,113,1930,224,443,185,12,20,431,183,1004,201,44,40,960,213,431,122,22,36,409,125,205,78,117,76,88,54,142,70,100,57,42,34,2500,189,15,25,2485,192,601,219,0,17,601,219,902,139,15,25,887,142,468,135,0,17,468,135,252,95,0,17,252,95,277,115,0,17,277,115
0600000US0900904580,0900904580,"Bethany town, New Haven County, Connecticut",4262,144,246,104,4016,146,2028,150,227,99,1801,125,327,91,0,17,327,91,768,102,27,32,741,104,552,134,66,70,486,107,226,81,57,37,169,73,155,56,77,45,78,46,2234,127,19,25,2215,129,300,92,0,17,300,92,908,128,19,25,889,134,526,95,0,17,526,95,300,69,0,17,300,69,200,77,0,17,200,77
0600000US0900907310,0900907310,"Branford town, New Haven County, Connecticut",23275,418,1832,218,21443,444,10607,417,1687,226,8920,424,2543,342,71,70,2472,338,3363,291,119,76,3244,302,2165,226,196,91,1969,220,1454,182,619,146,835,145,1082,172,682,148,400,82,12668,377,145,98,12523,377,2910,353,35,49,2875,350,4060,292,30,29,4030,294,2288,194,0,22,2288,194,1788,226,13,21,1775,225,1622,240,67,67,1555,243
0600000US0900914160,0900914160,"Cheshire town, New Haven County, Connecticut",23043,325,1403,262,21640,362,11756,335,1319,241,10437,398,3145,342,23,24,3122,335,4552,301,280,110,4272,315,2119,236,236,99,1883,236,1244,170,403,136,841,140,696,147,377,110,319,115,11287,346,84,84,11203,321,1860,290,0,22,1860,290,4337,289,76,83,4261,286,2209,213,0,22,2209,213,1456,195,0,22,1456,195,1425,224,8,13,1417,227
0600000US0900919550,0900919550,"Derby town, New Haven County, Connecticut",9897,455,577,157,9320,416,4871,427,570,159,4301,393,1489,325,11,17,1478,325,1855,272,93,64,1762,272,744,211,67,74,677,181,465,140,195,89,270,111,318,103,204,88,114,77,5026,336,7,16,5019,334,1407,251,0,19,1407,251,1628,255,0,19,1628,255,899,247,0,19,899,247,573,132,0,19,573,132,519,123,7,16,512,121
0600000US0900922910,0900922910,"East Haven town, New Haven County, Connecticut",23483,423,1680,220,21803,505,11138,443,1574,200,9564,479,3134,369,43,36,3091,366,3955,355,324,114,3631,364,1954,236,230,84,1724,241,1335,159,541,129,794,138,760,138,436,106,324,94,12345,404,106,44,12239,409,2914,366,12,15,2902,368,3956,381,31,25,3925,383,2276,255,8,12,2268,256,1492,206,0,22,1492,206,1707,218,55,36,1652,218
0600000US0900934950,0900934950,"Guilford town, New Haven County, Connecticut",17531,279,1304,209,16227,374,8647,273,1209,177,7438,344,1629,244,24,24,1605,241,2861,246,198,70,2663,243,1878,183,216,108,1662,166,1442,179,346,101,1096,155,837,138,425,100,412,114,8884,268,95,83,8789,264,1344,261,0,22,1344,261,3078,242,61,75,3017,234,2005,181,34,32,1971,178,1467,178,0,22,1467,178,990,184,0,22,990,184
0600000US0900935650,0900935650,"Hamden town, New Haven County, Connecticut",50314,509,2609,351,47705,630,22957,697,2459,326,20498,724,7991,715,169,99,7822,685,7350,459,291,116,7059,453,3877,376,376,136,3501,385,1870,247,587,166,1283,184,1869,224,1036,193,833,172,27357,625,150,89,27207,653,9776,579,18,20,9758,581,7790,475,56,61,7734,484,4460,378,37,40,4423,378,2484,294,0,28,2484,294,2847,335,39,36,2808,331
0600000US0900944560,0900944560,"Madison town, New Haven County, Connecticut",13344,352,1278,187,12066,357,6206,248,1197,174,5009,246,983,206,61,58,922,204,2325,188,183,87,2142,180,1035,170,67,47,968,161,1150,201,425,135,725,145,713,145,461,114,252,108,7138,251,81,51,7057,253,946,174,15,22,931,175,2677,184,32,36,2645,184,1386,198,6,11,1380,198,1163,193,28,31,1135,194,966,153,0,19,966,153
0600000US0900946520,0900946520,"Meriden town, New Haven County, Connecticut",48809,596,3302,374,45507,664,22861,616,3183,370,19678,702,6285,503,298,150,5987,494,8434,489,463,150,7971,504,3876,330,618,182,3258,342,2703,302,978,159,1725,252,1563,224,826,175,737,154,25948,609,119,58,25829,614,7137,522,29,35,7108,527,8981,512,51,44,8930,514,4472,339,23,27,4449,339,2867,341,0,28,2867,341,2491,296,16,20,2475,294
0600000US0900946940,0900946940,"Middlebury town, New Haven County, Connecticut",5944,124,394,89,5550,138,2756,116,387,88,2369,125,523,96,13,19,510,92,1000,99,46,34,954,96,588,98,57,36,531,99,370,85,122,53,248,73,275,70,149,56,126,45,3188,136,7,11,3181,137,591,114,0,17,591,114,1142,105,0,17,1142,105,620,111,7,11,613,110,318,73,0,17,318,73,517,107,0,17,517,107
0600000US0900947535,0900947535,"Milford town, New Haven County, Connecticut",43549,486,3033,323,40516,619,20731,513,2888,305,17843,570,5350,444,50,47,5300,446,7540,394,413,108,7127,415,4125,339,585,128,3540,301,2311,260,1035,211,1276,191,1405,160,805,149,600,120,22818,447,145,69,22673,458,5220,423,6,10,5214,423,7918,394,8,13,7910,393,4146,301,72,58,4074,292,2910,276,20,26,2890,274,2624,268,39,38,2585,262
0600000US0900949950,0900949950,"Naugatuck town, New Haven County, Connecticut",24553,502,1824,264,22729,562,12122,588,1580,228,10542,632,3744,482,81,58,3663,484,4494,404,406,132,4088,407,2013,320,423,141,1590,318,1190,207,358,113,832,166,681,163,312,108,369,125,12431,564,244,112,12187,542,3070,399,0,25,3070,399,4606,312,99,84,4507,300,2022,282,74,70,1948,274,1558,205,49,55,1509,181,1175,232,22,25,1153,223
0600000US0900952070,0900952070,"New Haven town, New Haven County, Connecticut",101607,976,3745,399,97862,982,46732,1022,3424,389,43308,1012,22694,946,249,103,22445,946,13477,755,865,189,12612,738,4963,415,512,147,4451,410,3267,291,900,181,2367,285,2331,264,898,175,1433,239,54875,911,321,107,54554,896,24179,739,64,44,24115,742,16172,685,111,77,16061,678,6441,514,56,43,6385,520,4476,387,34,36,4442,383,3607,337,56,40,3551,338
0600000US0900953890,0900953890,"North Branford town, New Haven County, Connecticut",11688,252,772,193,10916,308,5868,279,755,191,5113,336,1403,266,71,85,1332,280,2136,245,83,62,2053,250,1101,194,127,83,974,181,607,135,174,87,433,119,621,143,300,119,321,126,5820,284,17,27,5803,283,998,214,0,19,998,214,2197,221,0,19,2197,221,989,178,0,19,989,178,967,158,17,27,950,159,669,158,0,19,669,158
0600000US0900954870,0900954870,"North Haven town, New Haven County, Connecticut",19123,325,1349,191,17774,341,9305,368,1294,182,8011,394,2259,306,0,22,2259,306,3340,320,118,76,3222,315,1725,246,235,116,1490,227,942,155,325,118,617,139,1039,157,616,132,423,106,9818,352,55,55,9763,358,2166,315,21,38,2145,319,3182,289,15,25,3167,285,1915,214,9,14,1906,214,1168,172,10,23,1158,170,1387,183,0,22,1387,183
0600000US0900957600,0900957600,"Orange town, New Haven County, Connecticut",10940,175,695,121,10245,202,5252,229,674,116,4578,240,1214,229,10,15,1204,227,1836,179,101,59,1735,172,1104,136,106,50,998,137,600,102,148,61,452,89,498,97,309,67,189,63,5688,175,21,32,5667,180,1022,178,0,19,1022,178,1976,173,0,19,1976,173,1130,128,21,32,1109,119,634,94,0,19,634,94,926,138,0,19,926,138
0600000US0900958300,0900958300,"Oxford town, New Haven County, Connecticut",9660,206,745,161,8915,255,4708,196,732,159,3976,236,979,198,12,23,967,197,1725,222,113,69,1612,228,1060,182,116,58,944,172,627,133,240,102,387,119,317,95,251,96,66,38,4952,175,13,21,4939,180,762,169,0,19,762,169,2068,224,13,21,2055,227,1064,162,0,19,1064,162,643,114,0,19,643,114,415,116,0,19,415,116
0600000US0900962290,0900962290,"Prospect town, New Haven County, Connecticut",7854,207,819,186,7035,221,3853,265,742,174,3111,256,1079,233,26,36,1053,230,1351,199,124,83,1227,175,692,135,114,57,578,141,419,103,264,97,155,66,312,88,214,91,98,68,4001,186,77,72,3924,186,807,172,24,36,783,169,1424,184,19,38,1405,195,737,130,29,41,708,138,561,90,5,9,556,91,472,108,0,17,472,108
0600000US0900967610,0900967610,"Seymour town, New Haven County, Connecticut",12621,277,1041,182,11580,333,6227,296,885,155,5342,340,1512,322,6,10,1506,322,2662,293,262,109,2400,284,1136,202,157,85,979,184,522,99,209,84,313,86,395,95,251,79,144,70,6394,265,156,116,6238,279,1611,208,0,19,1611,208,2452,255,85,96,2367,266,1128,178,26,29,1102,180,530,97,12,19,518,103,673,174,33,36,640,172
0600000US0900969640,0900969640,"Southbury town, New Haven County, Connecticut",15442,312,1424,211,14018,339,7200,333,1404,211,5796,322,1117,221,47,36,1070,222,2311,216,216,90,2095,202,1522,194,96,69,1426,196,1071,197,327,87,744,171,1179,182,718,155,461,132,8242,295,20,23,8222,294,988,239,0,19,988,239,2286,191,0,19,2286,191,1708,190,0,19,1708,190,1411,209,8,12,1403,210,1849,192,12,21,1837,190
0600000US0900978740,0900978740,"Wallingford town, New Haven County, Connecticut",37147,504,2716,271,34431,510,17427,486,2680,266,14747,483,4109,402,96,60,4013,390,6270,348,356,82,5914,360,3337,246,249,97,3088,238,2095,249,890,167,1205,238,1616,221,1089,175,527,139,19720,491,36,32,19684,494,4461,347,14,19,4447,347,6725,348,0,25,6725,348,3670,322,0,25,3670,322,2233,271,0,25,2233,271,2631,260,22,25,2609,257
0600000US0900980070,0900980070,"Waterbury town, New Haven County, Connecticut",81020,1045,4205,367,76815,1031,38235,913,3922,367,34313,880,12807,670,186,98,12621,658,13675,710,967,205,12708,699,6056,501,761,163,5295,472,3354,260,894,155,2460,233,2343,236,1114,161,1229,187,42785,824,283,112,42502,819,14033,685,44,50,13989,683,14841,624,150,82,14691,613,6299,519,61,51,6238,521,3602,324,20,18,3582,320,4010,329,8,13,4002,331
0600000US0900982870,0900982870,"West Haven town, New Haven County, Connecticut",43997,638,3394,350,40603,655,21502,882,3225,339,18277,862,8129,668,274,156,7855,680,6825,523,554,185,6271,513,3457,345,795,174,2662,320,2116,247,1075,224,1041,176,975,181,527,144,448,123,22495,642,169,97,22326,650,7638,607,40,61,7598,613,7286,474,5,9,7281,474,3379,346,54,60,3325,341,2476,256,40,38,2436,253,1716,268,30,27,1686,263
0600000US0900987560,0900987560,"Wolcott town, New Haven County, Connecticut",13316,241,1080,199,12236,286,6682,306,1032,191,5650,331,1722,262,63,57,1659,256,2314,247,250,131,2064,254,1484,195,257,98,1227,178,727,145,216,89,511,119,435,128,246,91,189,80,6634,263,48,51,6586,272,1275,182,0,19,1275,182,2390,213,23,30,2367,210,1338,165,9,14,1329,164,737,120,0,19,737,120,894,164,16,26,878,168
0600000US0900987700,0900987700,"Woodbridge town, New Haven County, Connecticut",6772,211,332,107,6440,229,3004,195,327,106,2677,196,487,148,0,17,487,148,1133,154,34,35,1099,151,592,133,39,37,553,122,498,128,138,69,360,121,294,104,116,61,178,80,3768,213,5,8,3763,213,523,125,0,17,523,125,1298,150,5,8,1293,152,716,150,0,17,716,150,697,129,0,17,697,129,534,185,0,17,534,185
0600000US0901100000,0901100000,"County subdivisions not defined, New London County, Connecticut",0,12,0,12,0,12,0,12,0,12,0,12,0,12,0,12,0,12,0,12,0,12,0,12,0,12,0,12,0,12,0,12,0,12,0,12,0,12,0,12,0,12,0,12,0,12,0,12,0,12,0,12,0,12,0,12,0,12,0,12,0,12,0,12,0,12,0,12,0,12,0,12,0,12,0,12,0,12
0600000US0901106820,0901106820,"Bozrah town, New London County, Connecticut",2173,78,238,49,1935,75,1071,56,238,49,833,62,222,55,8,11,214,56,421,50,60,26,361,54,186,44,23,17,163,42,153,33,86,29,67,27,89,37,61,28,28,28,1102,70,0,12,1102,70,278,52,0,12,278,52,355,55,0,12,355,55,232,54,0,12,232,54,128,33,0,12,128,33,109,38,0,12,109,38
0600000US0901115910,0901115910,"Colchester town, New London County, Connecticut",12276,268,1083,174,11193,253,6117,286,1000,165,5117,268,1713,271,133,77,1580,262,2158,243,156,63,2002,242,1240,184,171,72,1069,188,673,100,318,100,355,87,333,87,222,73,111,52,6159,228,83,54,6076,221,1554,190,31,42,1523,187,2463,220,34,33,2429,213,1091,160,15,17,1076,160,678,120,0,19,678,120,373,96,3,7,370,95
0600000US0901123400,0901123400,"East Lyme town, New London County, Connecticut",15426,213,1740,201,13686,279,7039,285,1596,185,5443,320,1527,263,41,30,1486,261,2232,200,233,82,1999,203,1464,151,299,93,1165,140,1088,137,510,122,578,98,728,93,513,89,215,61,8387,268,144,63,8243,277,1727,205,15,15,1712,203,2907,202,99,54,2808,203,1438,159,19,20,1419,156,1314,145,11,16,1303,145,1001,164,0,19,1001,164
0600000US0901129910,0901129910,"Franklin town, New London County, Connecticut",1591,75,229,44,1362,80,810,58,205,36,605,58,189,47,11,9,178,46,281,46,34,15,247,44,174,30,61,24,113,28,101,21,56,18,45,15,65,21,43,16,22,15,781,51,24,19,757,54,129,27,0,12,129,27,280,38,11,12,269,38,173,29,13,14,160,30,99,23,0,12,99,23,100,27,0,12,100,27
0600000US0901133900,0901133900,"Griswold town, New London County, Connecticut",8983,298,901,180,8082,318,4665,244,871,178,3794,284,1621,269,132,84,1489,279,1545,197,160,75,1385,205,771,150,205,96,566,131,525,113,229,87,296,99,203,106,145,95,58,44,4318,257,30,35,4288,253,1266,262,17,28,1249,251,1440,204,0,19,1440,204,857,168,13,21,844,171,437,126,0,19,437,126,318,109,0,19,318,109
0600000US0901134250,0901134250,"Groton town, New London County, Connecticut",27714,529,3644,315,24070,540,12772,476,3283,284,9489,510,4368,390,602,181,3766,395,3929,351,874,192,3055,354,2218,240,449,129,1769,219,1293,174,690,133,603,117,964,140,668,124,296,77,14942,404,361,114,14581,405,4659,282,112,82,4547,292,4739,324,182,75,4557,319,2229,200,37,33,2192,206,1659,155,3,4,1656,155,1656,226,27,20,1629,223
0600000US0901142390,0901142390,"Lebanon town, New London County, Connecticut",5749,143,647,181,5102,225,2897,160,603,177,2294,241,536,168,33,38,503,171,1070,159,74,66,996,152,746,158,166,108,580,131,351,96,182,85,169,70,194,72,148,71,46,41,2852,138,44,46,2808,142,491,145,0,17,491,145,1133,180,12,21,1121,182,625,128,21,33,604,129,459,102,11,19,448,102,144,67,0,17,144,67
0600000US0901142600,0901142600,"Ledyard town, New London County, Connecticut",11287,342,1817,221,9470,376,5180,289,1583,197,3597,286,1267,229,143,105,1124,212,1763,220,403,114,1360,191,1223,189,379,127,844,187,551,140,391,105,160,79,376,110,267,80,109,81,6107,269,234,105,5873,271,1462,244,11,18,1451,246,2317,282,167,98,2150,272,1205,240,39,35,1166,235,616,133,0,19,616,133,507,117,17,28,490,114
0600000US0901143230,0901143230,"Lisbon town, New London County, Connecticut",3466,124,538,167,2928,146,1783,143,521,165,1262,163,350,98,0,12,350,98,732,111,199,128,533,101,356,76,124,74,232,71,244,77,104,40,140,61,101,43,94,41,7,11,1683,91,17,28,1666,98,388,91,17,28,371,86,653,91,0,12,653,91,291,76,0,12,291,76,167,55,0,12,167,55,184,66,0,12,184,66
0600000US0901144210,0901144210,"Lyme town, New London County, Connecticut",1996,85,235,62,1761,98,974,61,235,62,739,68,68,28,0,12,68,28,327,57,26,19,301,56,198,49,60,35,138,38,250,52,73,33,177,51,131,54,76,43,55,33,1022,64,0,12,1022,64,125,46,0,12,125,46,313,59,0,12,313,59,215,46,0,12,215,46,211,47,0,12,211,47,158,49,0,12,158,49
0600000US0901148900,0901148900,"Montville town, New London County, Connecticut",15862,300,2092,266,13770,393,8652,300,2014,264,6638,401,2703,351,98,63,2605,350,2961,294,472,168,2489,323,1455,210,493,143,962,214,891,148,412,124,479,157,642,126,539,124,103,64,7210,286,78,45,7132,288,1605,241,7,11,1598,241,2462,252,15,16,2447,254,1533,234,11,18,1522,233,866,169,21,22,845,171,744,155,24,25,720,154
0600000US0901152350,0901152350,"New London town, New London County, Connecticut",20530,544,1280,219,19250,572,9514,452,1198,216,8316,469,4125,379,91,63,4034,380,2939,284,355,135,2584,295,1270,227,257,95,1013,212,750,131,267,89,483,110,430,144,228,80,202,111,11016,417,82,51,10934,410,4392,369,11,25,4381,362,3560,325,33,31,3527,327,1434,200,31,34,1403,196,875,129,7,11,868,129,755,155,0,22,755,155
0600000US0901155500,0901155500,"North Stonington town, New London County, Connecticut",4133,214,605,126,3528,209,2110,171,605,126,1505,164,292,93,38,42,254,87,857,124,144,81,713,112,477,126,81,46,396,121,298,94,175,74,123,70,186,89,167,87,19,27,2023,179,0,17,2023,179,441,132,0,17,441,132,756,134,0,17,756,134,379,103,0,17,379,103,299,89,0,17,299,89,148,95,0,17,148,95
0600000US0901156270,0901156270,"Norwich town, New London County, Connecticut",30845,487,3100,388,27745,591,14906,571,2912,393,11994,619,5094,460,332,185,4762,450,5415,459,896,215,4519,471,2043,272,561,167,1482,251,1449,205,570,143,879,199,905,161,553,135,352,127,15939,484,188,81,15751,493,4952,359,20,22,4932,360,5234,403,80,55,5154,404,2511,284,53,41,2458,291,1614,217,35,32,1579,212,1628,231,0,25,1628,231
0600000US0901157040,0901157040,"Old Lyme town, New London County, Connecticut",5975,161,715,127,5260,173,2950,142,686,122,2264,168,368,92,0,17,368,92,942,126,132,72,810,118,690,121,85,59,605,115,492,112,173,70,319,91,458,87,296,79,162,58,3025,134,29,25,2996,136,293,87,0,17,293,87,941,117,0,17,941,117,781,142,10,15,771,142,557,110,9,13,548,111,453,110,10,16,443,109
0600000US0901162150,0901162150,"Preston town, New London County, Connecticut",3795,95,456,113,3339,143,1887,127,367,92,1520,154,401,104,10,16,391,106,730,122,100,59,630,127,336,83,58,36,278,76,289,62,127,50,162,54,131,59,72,37,59,49,1908,106,89,79,1819,112,411,92,9,15,402,94,767,108,73,78,694,107,290,83,0,12,290,83,286,55,7,11,279,58,154,57,0,12,154,57
0600000US0901166210,0901166210,"Salem town, New London County, Connecticut",3104,146,468,114,2636,193,1565,119,439,102,1126,154,456,95,66,51,390,104,543,87,139,74,404,88,306,77,95,44,211,67,190,44,89,39,101,41,70,38,50,29,20,22,1539,113,29,24,1510,112,357,92,8,12,349,92,506,96,21,21,485,95,355,82,0,12,355,82,247,58,0,12,247,58,74,39,0,12,74,39
0600000US0901171670,0901171670,"Sprague town, New London County, Connecticut",2377,81,272,60,2105,90,1190,78,251,55,939,71,347,76,23,32,324,68,410,67,66,37,344,62,273,44,74,27,199,38,122,31,53,25,69,27,38,23,35,23,3,4,1187,72,21,21,1166,75,314,73,0,12,314,73,378,79,21,21,357,77,254,55,0,12,254,55,119,28,0,12,119,28,122,63,0,12,122,63
0600000US0901173770,0901173770,"Stonington town, New London County, Connecticut",15036,237,1492,205,13544,271,7079,251,1399,191,5680,242,1443,179,16,17,1427,177,2364,179,267,105,2097,181,1522,179,232,101,1290,175,1029,131,461,96,568,109,721,103,423,92,298,82,7957,269,93,48,7864,276,1397,216,0,19,1397,216,2477,172,20,20,2457,171,1595,159,19,21,1576,162,1165,147,21,21,1144,144,1323,167,33,30,1290,165
0600000US0901178600,0901178600,"Voluntown town, New London County, Connecticut",2085,88,276,57,1809,95,1004,70,243,50,761,79,252,60,6,9,246,60,370,57,68,29,302,55,228,51,65,29,163,47,84,29,45,25,39,19,70,30,59,30,11,9,1081,65,33,24,1048,67,215,52,3,7,212,52,446,51,5,7,441,51,181,46,15,16,166,44,118,41,10,15,108,39,121,39,0,12,121,39
0600000US0901180280,0901180280,"Waterford town, New London County, Connecticut",15646,245,1968,270,13678,318,7833,223,1774,229,6059,257,1809,224,26,26,1783,216,2604,226,415,142,2189,209,1564,180,319,88,1245,172,1082,141,456,100,626,132,774,148,558,123,216,80,7813,252,194,117,7619,267,1284,191,20,21,1264,188,2524,199,11,17,2513,199,1696,190,71,80,1625,176,939,146,11,19,928,148,1370,185,81,84,1289,172
0600000US0901301080,0901301080,"Andover town, Tolland County, Connecticut",2580,137,172,53,2408,138,1206,115,172,53,1034,117,298,111,15,18,283,112,420,70,39,27,381,73,328,78,45,32,283,76,104,43,25,19,79,42,56,23,48,21,8,12,1374,107,0,12,1374,107,319,88,0,12,319,88,527,71,0,12,527,71,292,71,0,12,292,71,99,39,0,12,99,39,137,47,0,12,137,47
0600000US0901306260,0901306260,"Bolton town, Tolland County, Connecticut",3927,83,360,77,3567,105,1998,128,337,73,1661,126,431,139,7,11,424,140,699,107,10,15,689,108,443,77,41,28,402,78,321,63,211,57,110,41,104,43,68,37,36,24,1929,108,23,17,1906,109,397,104,14,16,383,103,633,71,0,12,633,71,488,65,0,12,488,65,287,66,9,14,278,67,124,48,0,12,124,48
0600000US0901316400,0901316400,"Columbia town, Tolland County, Connecticut",4283,144,465,156,3818,197,2047,171,436,152,1611,205,383,119,41,54,342,113,540,117,9,15,531,117,680,133,143,93,537,116,263,76,128,74,135,71,181,61,115,55,66,41,2236,153,29,28,2207,157,493,150,9,15,484,148,676,120,9,15,667,122,576,129,11,18,565,128,278,109,0,17,278,109,213,76,0,17,213,76
0600000US0901317800,0901317800,"Coventry town, Tolland County, Connecticut",9928,235,764,160,9164,297,4832,292,704,154,4128,337,1120,302,34,38,1086,309,1563,218,127,84,1436,215,1241,244,122,69,1119,241,636,148,307,115,329,126,272,88,114,54,158,59,5096,300,60,40,5036,301,1368,230,0,19,1368,230,1829,190,0,19,1829,190,1093,215,40,37,1053,215,462,132,0,19,462,132,344,104,20,31,324,101
0600000US0901325360,0901325360,"Ellington town, Tolland County, Connecticut",12084,279,1026,237,11058,408,5983,301,944,230,5039,316,1401,236,83,62,1318,225,2844,279,239,153,2605,272,859,200,168,100,691,181,496,182,232,148,264,103,383,117,222,102,161,100,6101,343,82,75,6019,356,1269,306,0,19,1269,306,2647,255,50,56,2597,248,921,210,32,50,889,207,677,208,0,19,677,208,587,180,0,19,587,180
0600000US0901337910,0901337910,"Hebron town, Tolland County, Connecticut",7289,146,580,123,6709,185,3697,168,562,122,3135,204,965,187,15,18,950,187,1403,137,186,83,1217,138,757,116,75,37,682,111,405,79,175,60,230,71,167,53,111,47,56,30,3592,139,18,18,3574,139,669,130,0,17,669,130,1594,134,0,17,1594,134,712,104,12,14,700,104,386,84,0,17,386,84,231,57,6,11,225,56
0600000US0901344910,0901344910,"Mansfield town, Tolland County, Connecticut",23670,271,735,148,22935,307,11526,471,652,138,10874,496,8457,559,60,57,8397,564,1356,162,78,39,1278,160,784,162,113,71,671,141,566,132,201,84,365,100,363,80,200,64,163,60,12144,428,83,49,12061,433,8707,464,28,33,8679,468,1374,180,18,22,1356,179,794,149,0,22,794,149,670,136,30,33,640,142,599,119,7,12,592,115
0600000US0901369220,0901369220,"Somers town, Tolland County, Connecticut",9400,147,738,152,8662,212,5585,188,701,144,4884,241,1581,203,29,31,1552,203,2232,192,89,54,2143,192,860,143,162,67,698,120,616,112,257,91,359,97,296,80,164,55,132,63,3815,179,37,31,3778,174,792,144,0,19,792,144,1349,117,29,29,1320,118,786,113,8,13,778,115,486,95,0,19,486,95,402,85,0,19,402,85
0600000US0901372090,0901372090,"Stafford town, Tolland County, Connecticut",9301,211,713,156,8588,263,4335,253,668,151,3667,285,1188,209,11,14,1177,211,1525,171,211,74,1314,163,929,124,117,67,812,125,482,101,235,86,247,78,211,74,94,52,117,61,4966,230,45,29,4921,227,1102,181,0,19,1102,181,2018,156,29,20,1989,153,923,147,8,12,915,146,440,96,0,19,440,96,483,140,8,11,475,139
0600000US0901376290,0901376290,"Tolland town, Tolland County, Connecticut",11170,211,1018,170,10152,259,5498,220,956,159,4542,258,1195,219,0,19,1195,219,2395,187,286,110,2109,217,908,155,162,74,746,147,537,117,200,80,337,102,463,111,308,93,155,92,5672,255,62,47,5610,250,1256,261,0,19,1256,261,2369,204,41,37,2328,207,906,155,21,29,885,153,675,145,0,19,675,145,466,119,0,19,466,119
0600000US0901377830,0901377830,"Union town, Tolland County, Connecticut",730,102,59,19,671,97,367,58,56,19,311,52,65,34,0,12,65,34,110,34,14,11,96,33,80,21,8,6,72,21,79,25,26,14,53,21,33,17,8,6,25,15,363,56,3,4,360,56,75,33,0,12,75,33,133,36,3,4,130,36,70,23,0,12,70,23,66,24,0,12,66,24,19,11,0,12,19,11
0600000US0901378250,0901378250,"Vernon town, Tolland County, Connecticut",23988,346,1863,217,22125,367,11628,422,1759,214,9869,435,4158,370,90,65,4068,383,3523,324,331,117,3192,280,1728,206,294,100,1434,194,1251,159,445,116,806,147,968,116,599,107,369,90,12360,366,104,71,12256,347,3760,298,28,32,3732,306,3531,275,38,49,3493,264,2182,231,11,12,2171,229,1426,206,0,22,1426,206,1461,184,27,34,1434,181
0600000US0901385950,0901385950,"Willington town, Tolland County, Connecticut",5051,285,462,167,4589,308,2805,359,452,164,2353,406,1313,387,115,116,1198,417,694,170,10,17,684,170,453,141,105,70,348,129,231,82,123,69,108,69,114,64,99,57,15,24,2246,244,10,17,2236,244,714,205,0,17,714,205,663,136,0,17,663,136,448,119,0,17,448,119,281,86,0,17,281,86,140,77,10,17,130,75
0600000US0901501430,0901501430,"Ashford town, Windham County, Connecticut",3400,121,276,85,3124,144,1751,132,265,81,1486,133,523,137,35,28,488,134,617,110,64,51,553,102,393,86,117,66,276,71,139,43,29,22,110,45,79,41,20,18,59,37,1649,135,11,16,1638,135,348,93,0,12,348,93,612,91,11,16,601,88,341,92,0,12,341,92,204,57,0,12,204,57,144,50,0,12,144,50
0600000US0901509190,0901509190,"Brooklyn town, Windham County, Connecticut",6411,257,849,254,5562,299,3433,247,765,212,2668,234,828,176,34,32,794,176,1273,205,186,104,1087,182,686,170,170,104,516,137,423,88,223,79,200,74,223,95,152,93,71,45,2978,206,84,85,2894,219,709,177,0,17,709,177,965,164,19,30,946,163,648,156,0,17,648,156,371,106,65,80,306,73,285,93,0,17,285,93
0600000US0901512130,0901512130,"Canterbury town, Windham County, Connecticut",3856,123,344,74,3512,126,1875,125,344,74,1531,120,395,99,8,13,387,99,656,114,50,30,606,102,483,92,140,59,343,83,217,52,76,29,141,46,124,44,70,31,54,34,1981,99,0,17,1981,99,355,73,0,17,355,73,767,118,0,17,767,118,463,94,0,17,463,94,192,57,0,17,192,57,204,65,0,17,204,65
0600000US0901513810,0901513810,"Chaplin town, Windham County, Connecticut",1893,125,193,58,1700,125,1006,89,187,58,819,89,239,60,6,8,233,61,400,74,71,43,329,64,204,56,23,17,181,53,99,33,51,28,48,26,64,30,36,21,28,17,887,72,6,10,881,73,176,64,0,12,176,64,384,53,0,12,384,53,156,44,0,12,156,44,79,36,0,12,79,36,92,39,6,10,86,39
0600000US0901521860,0901521860,"Eastford town, Windham County, Connecticut",1424,83,106,29,1318,89,728,55,103,27,625,56,163,44,4,4,159,43,273,43,14,13,259,43,163,34,28,18,135,31,87,28,35,15,52,23,42,15,22,10,20,11,696,61,3,4,693,61,135,35,0,12,135,35,256,42,0,12,256,42,170,48,0,12,170,48,69,20,0,12,69,20,66,23,3,4,63,23
0600000US0901536000,0901536000,"Hampton town, Windham County, Connecticut",1438,84,188,43,1250,79,701,55,183,43,518,51,150,40,14,19,136,34,219,40,39,17,180,39,181,43,40,19,141,41,101,25,49,21,52,20,50,18,41,17,9,7,737,62,5,5,732,63,146,37,3,4,143,37,237,40,2,3,235,40,200,38,0,12,200,38,98,22,0,12,98,22,56,19,0,12,56,19
0600000US0901540500,0901540500,"Killingly town, Windham County, Connecticut",13516,243,1144,239,12372,327,6566,302,1072,228,5494,337,1771,262,142,118,1629,230,2588,289,169,86,2419,291,1222,189,308,142,914,180,574,113,199,77,375,88,411,106,254,87,157,73,6950,302,72,58,6878,321,1708,242,0,19,1708,242,2511,282,40,46,2471,291,1242,201,12,22,1230,199,854,155,16,28,838,157,635,132,4,9,631,133
0600000US0901559980,0901559980,"Plainfield town, Windham County, Connecticut",11932,262,1325,228,10607,321,5852,280,1254,217,4598,340,1550,247,49,52,1501,248,2209,270,366,128,1843,279,996,175,228,82,768,155,637,148,377,130,260,97,460,118,234,94,226,79,6080,267,71,57,6009,276,1415,213,0,19,1415,213,2195,215,52,48,2143,210,1174,199,0,19,1174,199,600,147,13,22,587,146,696,159,6,11,690,155
0600000US0901561030,0901561030,"Pomfret town, Windham County, Connecticut",3299,128,244,73,3055,147,1794,135,232,71,1562,146,421,106,0,12,421,106,677,101,24,23,653,100,370,115,32,30,338,114,186,52,87,42,99,43,140,63,89,47,51,43,1505,141,12,20,1493,136,327,108,0,12,327,108,587,85,0,12,587,85,318,88,12,20,306,87,198,54,0,12,198,54,75,55,0,12,75,55
0600000US0901562710,0901562710,"Putnam town, Windham County, Connecticut",7513,310,756,176,6757,280,3666,307,704,177,2962,281,1004,248,0,17,1004,248,1382,252,260,107,1122,232,593,113,99,68,494,104,447,110,173,71,274,98,240,88,172,82,68,34,3847,214,52,38,3795,212,870,176,0,17,870,176,1371,219,7,8,1364,218,571,116,13,22,558,112,573,150,23,27,550,148,462,155,9,15,453,156
0600000US0901567400,0901567400,"Scotland town, Windham County, Connecticut",1334,118,153,62,1181,104,719,79,149,62,570,57,174,73,36,39,138,44,251,43,19,14,232,43,170,45,44,26,126,44,102,32,38,20,64,27,22,12,12,9,10,8,615,66,4,5,611,66,95,33,4,5,91,33,249,50,0,12,249,50,166,43,0,12,166,43,72,25,0,12,72,25,33,23,0,12,33,23
0600000US0901573420,0901573420,"Sterling town, Windham County, Connecticut",2775,141,181,79,2594,142,1385,130,161,72,1224,149,234,105,0,12,234,105,662,114,81,51,581,115,354,107,47,40,307,102,81,37,8,12,73,36,54,30,25,23,29,26,1390,128,20,22,1370,131,403,110,2,9,401,113,634,100,18,21,616,98,180,78,0,12,180,78,94,46,0,12,94,46,79,49,0,12,79,49
0600000US0901575870,0901575870,"Thompson town, Windham County, Connecticut",7466,207,747,143,6719,213,3601,207,731,146,2870,224,906,160,65,74,841,139,1338,159,185,89,1153,154,664,123,91,64,573,128,318,93,105,46,213,76,375,93,285,80,90,55,3865,184,16,19,3849,185,941,177,0,17,941,177,1475,141,0,17,1475,141,783,115,0,17,783,115,317,72,0,17,317,72,349,98,16,19,333,100
0600000US0901586790,0901586790,"Windham town, Windham County, Connecticut",20094,360,1205,211,18889,370,9122,385,1069,215,8053,414,4417,371,60,55,4357,371,2540,272,320,129,2220,286,1078,168,162,75,916,159,745,148,340,109,405,116,342,109,187,81,155,75,10972,323,136,113,10836,328,4840,326,8,12,4832,328,2883,245,46,51,2837,244,1424,205,1,3,1423,205,846,147,58,92,788,140,979,170,23,29,956,167
0600000US0901588190,0901588190,"Woodstock town, Windham County, Connecticut",6344,220,516,157,5828,220,3168,179,516,157,2652,204,747,171,54,59,693,165,1068,170,163,76,905,173,613,169,66,55,547,155,533,117,176,93,357,117,207,100,57,63,150,87,3176,186,0,17,3176,186,543,174,0,17,543,174,1168,174,0,17,1168,174,649,161,0,17,649,161,528,141,0,17,528,141,288,118,0,17,288,118
